"Directory","FileName","DateTimeOriginal","ImageWidth","ImageHeight","station","deployment","species","count","contact"
"C:/Users/rowcliffe.m/OneDrive - Zoological Society of London/GitHub/CTtracking/Survey_yyy/Deployments/S01","IMG_0001.JPG","2017:10:02 19:06:43",2048,1536,"S01","S01","fox",1,1
"C:/Users/rowcliffe.m/OneDrive - Zoological Society of London/GitHub/CTtracking/Survey_yyy/Deployments/S01","IMG_0002.JPG","2017:10:02 19:06:44",2048,1536,"S01","S01","fox",1,NA
"C:/Users/rowcliffe.m/OneDrive - Zoological Society of London/GitHub/CTtracking/Survey_yyy/Deployments/S01","IMG_0003.JPG","2017:10:02 19:06:45",2048,1536,"S01","S01","fox",1,NA
"C:/Users/rowcliffe.m/OneDrive - Zoological Society of London/GitHub/CTtracking/Survey_yyy/Deployments/S01","IMG_0004.JPG","2017:10:02 19:06:45",2048,1536,"S01","S01","fox",1,NA
"C:/Users/rowcliffe.m/OneDrive - Zoological Society of London/GitHub/CTtracking/Survey_yyy/Deployments/S01","IMG_0005.JPG","2017:10:02 19:06:46",2048,1536,"S01","S01","fox",1,NA
"C:/Users/rowcliffe.m/OneDrive - Zoological Society of London/GitHub/CTtracking/Survey_yyy/Deployments/S01","IMG_0006.JPG","2017:10:02 19:06:47",2048,1536,"S01","S01","fox",1,NA
"C:/Users/rowcliffe.m/OneDrive - Zoological Society of London/GitHub/CTtracking/Survey_yyy/Deployments/S01","IMG_0011.JPG","2017:10:02 19:07:57",2048,1536,"S01","S01","fox",1,1
"C:/Users/rowcliffe.m/OneDrive - Zoological Society of London/GitHub/CTtracking/Survey_yyy/Deployments/S01","IMG_0012.JPG","2017:10:02 19:07:58",2048,1536,"S01","S01","fox",1,NA
"C:/Users/rowcliffe.m/OneDrive - Zoological Society of London/GitHub/CTtracking/Survey_yyy/Deployments/S01","IMG_0013.JPG","2017:10:02 19:07:58",2048,1536,"S01","S01","fox",1,NA
"C:/Users/rowcliffe.m/OneDrive - Zoological Society of London/GitHub/CTtracking/Survey_yyy/Deployments/S01","IMG_0014.JPG","2017:10:02 19:07:59",2048,1536,"S01","S01","fox",1,NA
"C:/Users/rowcliffe.m/OneDrive - Zoological Society of London/GitHub/CTtracking/Survey_yyy/Deployments/S01","IMG_0015.JPG","2017:10:02 19:07:59",2048,1536,"S01","S01","fox",1,NA
"C:/Users/rowcliffe.m/OneDrive - Zoological Society of London/GitHub/CTtracking/Survey_yyy/Deployments/S01","IMG_0016.JPG","2017:10:02 19:08:00",2048,1536,"S01","S01","fox",1,NA
"C:/Users/rowcliffe.m/OneDrive - Zoological Society of London/GitHub/CTtracking/Survey_yyy/Deployments/S01","IMG_0017.JPG","2017:10:02 19:08:01",2048,1536,"S01","S01","fox",1,NA
"C:/Users/rowcliffe.m/OneDrive - Zoological Society of London/GitHub/CTtracking/Survey_yyy/Deployments/S01","IMG_0018.JPG","2017:10:02 19:08:01",2048,1536,"S01","S01","fox",1,NA
"C:/Users/rowcliffe.m/OneDrive - Zoological Society of London/GitHub/CTtracking/Survey_yyy/Deployments/S01","IMG_0019.JPG","2017:10:02 19:08:02",2048,1536,"S01","S01","fox",1,NA
"C:/Users/rowcliffe.m/OneDrive - Zoological Society of London/GitHub/CTtracking/Survey_yyy/Deployments/S01","IMG_0020.JPG","2017:10:02 19:08:03",2048,1536,"S01","S01","fox",1,NA
"C:/Users/rowcliffe.m/OneDrive - Zoological Society of London/GitHub/CTtracking/Survey_yyy/Deployments/S01","IMG_0021.JPG","2017:10:02 19:08:04",2048,1536,"S01","S01","fox",1,NA
"C:/Users/rowcliffe.m/OneDrive - Zoological Society of London/GitHub/CTtracking/Survey_yyy/Deployments/S01","IMG_0022.JPG","2017:10:02 19:08:05",2048,1536,"S01","S01","fox",1,NA
"C:/Users/rowcliffe.m/OneDrive - Zoological Society of London/GitHub/CTtracking/Survey_yyy/Deployments/S01","IMG_0031.JPG","2017:10:03 06:17:04",2048,1536,"S01","S01","calibration",NA,NA
"C:/Users/rowcliffe.m/OneDrive - Zoological Society of London/GitHub/CTtracking/Survey_yyy/Deployments/S01","IMG_0032.JPG","2017:10:03 06:17:05",2048,1536,"S01","S01","calibration",NA,NA
"C:/Users/rowcliffe.m/OneDrive - Zoological Society of London/GitHub/CTtracking/Survey_yyy/Deployments/S01","IMG_0033.JPG","2017:10:03 06:17:06",2048,1536,"S01","S01","calibration",NA,NA
"C:/Users/rowcliffe.m/OneDrive - Zoological Society of London/GitHub/CTtracking/Survey_yyy/Deployments/S01","IMG_0034.JPG","2017:10:03 06:17:08",2048,1536,"S01","S01","calibration",NA,NA
"C:/Users/rowcliffe.m/OneDrive - Zoological Society of London/GitHub/CTtracking/Survey_yyy/Deployments/S01","IMG_0035.JPG","2017:10:03 06:17:09",2048,1536,"S01","S01","calibration",NA,NA
"C:/Users/rowcliffe.m/OneDrive - Zoological Society of London/GitHub/CTtracking/Survey_yyy/Deployments/S01","IMG_0036.JPG","2017:10:03 06:17:10",2048,1536,"S01","S01","calibration",NA,NA
"C:/Users/rowcliffe.m/OneDrive - Zoological Society of London/GitHub/CTtracking/Survey_yyy/Deployments/S01","IMG_0037.JPG","2017:10:03 06:17:12",2048,1536,"S01","S01","calibration",NA,NA
"C:/Users/rowcliffe.m/OneDrive - Zoological Society of London/GitHub/CTtracking/Survey_yyy/Deployments/S01","IMG_0038.JPG","2017:10:03 06:17:13",2048,1536,"S01","S01","calibration",NA,NA
"C:/Users/rowcliffe.m/OneDrive - Zoological Society of London/GitHub/CTtracking/Survey_yyy/Deployments/S01","IMG_0039.JPG","2017:10:03 06:17:14",2048,1536,"S01","S01","calibration",NA,NA
"C:/Users/rowcliffe.m/OneDrive - Zoological Society of London/GitHub/CTtracking/Survey_yyy/Deployments/S01","IMG_0040.JPG","2017:10:03 06:17:14",2048,1536,"S01","S01","calibration",NA,NA
"C:/Users/rowcliffe.m/OneDrive - Zoological Society of London/GitHub/CTtracking/Survey_yyy/Deployments/S01","IMG_0041.JPG","2017:10:03 06:17:16",2048,1536,"S01","S01","calibration",NA,NA
"C:/Users/rowcliffe.m/OneDrive - Zoological Society of London/GitHub/CTtracking/Survey_yyy/Deployments/S01","IMG_0042.JPG","2017:10:03 06:17:17",2048,1536,"S01","S01","calibration",NA,NA
"C:/Users/rowcliffe.m/OneDrive - Zoological Society of London/GitHub/CTtracking/Survey_yyy/Deployments/S01","IMG_0043.JPG","2017:10:03 06:17:18",2048,1536,"S01","S01","calibration",NA,NA
"C:/Users/rowcliffe.m/OneDrive - Zoological Society of London/GitHub/CTtracking/Survey_yyy/Deployments/S01","IMG_0044.JPG","2017:10:03 06:17:19",2048,1536,"S01","S01","calibration",NA,NA
"C:/Users/rowcliffe.m/OneDrive - Zoological Society of London/GitHub/CTtracking/Survey_yyy/Deployments/S01","IMG_0045.JPG","2017:10:03 06:17:19",2048,1536,"S01","S01","calibration",NA,NA
"C:/Users/rowcliffe.m/OneDrive - Zoological Society of London/GitHub/CTtracking/Survey_yyy/Deployments/S01","IMG_0046.JPG","2017:10:03 06:17:20",2048,1536,"S01","S01","calibration",NA,NA
"C:/Users/rowcliffe.m/OneDrive - Zoological Society of London/GitHub/CTtracking/Survey_yyy/Deployments/S01","IMG_0047.JPG","2017:10:03 06:17:20",2048,1536,"S01","S01","calibration",NA,NA
"C:/Users/rowcliffe.m/OneDrive - Zoological Society of London/GitHub/CTtracking/Survey_yyy/Deployments/S01","IMG_0048.JPG","2017:10:03 06:17:21",2048,1536,"S01","S01","calibration",NA,NA
"C:/Users/rowcliffe.m/OneDrive - Zoological Society of London/GitHub/CTtracking/Survey_yyy/Deployments/S01","IMG_0049.JPG","2017:10:03 06:17:22",2048,1536,"S01","S01","calibration",NA,NA
"C:/Users/rowcliffe.m/OneDrive - Zoological Society of London/GitHub/CTtracking/Survey_yyy/Deployments/S01","IMG_0050.JPG","2017:10:03 06:17:22",2048,1536,"S01","S01","calibration",NA,NA
"C:/Users/rowcliffe.m/OneDrive - Zoological Society of London/GitHub/CTtracking/Survey_yyy/Deployments/S01","IMG_0051.JPG","2017:10:03 06:17:23",2048,1536,"S01","S01","calibration",NA,NA
"C:/Users/rowcliffe.m/OneDrive - Zoological Society of London/GitHub/CTtracking/Survey_yyy/Deployments/S01","IMG_0052.JPG","2017:10:03 06:17:24",2048,1536,"S01","S01","calibration",NA,NA
"C:/Users/rowcliffe.m/OneDrive - Zoological Society of London/GitHub/CTtracking/Survey_yyy/Deployments/S01","IMG_0053.JPG","2017:10:03 06:17:25",2048,1536,"S01","S01","calibration",NA,NA
"C:/Users/rowcliffe.m/OneDrive - Zoological Society of London/GitHub/CTtracking/Survey_yyy/Deployments/S01","IMG_0054.JPG","2017:10:03 06:17:26",2048,1536,"S01","S01","calibration",NA,NA
"C:/Users/rowcliffe.m/OneDrive - Zoological Society of London/GitHub/CTtracking/Survey_yyy/Deployments/S01","IMG_0055.JPG","2017:10:03 06:17:27",2048,1536,"S01","S01","calibration",NA,NA
"C:/Users/rowcliffe.m/OneDrive - Zoological Society of London/GitHub/CTtracking/Survey_yyy/Deployments/S01","IMG_0056.JPG","2017:10:03 06:17:28",2048,1536,"S01","S01","calibration",NA,NA
"C:/Users/rowcliffe.m/OneDrive - Zoological Society of London/GitHub/CTtracking/Survey_yyy/Deployments/S01","IMG_0057.JPG","2017:10:03 06:17:28",2048,1536,"S01","S01","calibration",NA,NA
"C:/Users/rowcliffe.m/OneDrive - Zoological Society of London/GitHub/CTtracking/Survey_yyy/Deployments/S01","IMG_0058.JPG","2017:10:03 06:17:29",2048,1536,"S01","S01","calibration",NA,NA
"C:/Users/rowcliffe.m/OneDrive - Zoological Society of London/GitHub/CTtracking/Survey_yyy/Deployments/S01","IMG_0059.JPG","2017:10:03 06:17:29",2048,1536,"S01","S01","calibration",NA,NA
"C:/Users/rowcliffe.m/OneDrive - Zoological Society of London/GitHub/CTtracking/Survey_yyy/Deployments/S01","IMG_0060.JPG","2017:10:03 06:17:30",2048,1536,"S01","S01","calibration",NA,NA
"C:/Users/rowcliffe.m/OneDrive - Zoological Society of London/GitHub/CTtracking/Survey_yyy/Deployments/S01","IMG_0061.JPG","2017:10:03 06:17:32",2048,1536,"S01","S01","calibration",NA,NA
"C:/Users/rowcliffe.m/OneDrive - Zoological Society of London/GitHub/CTtracking/Survey_yyy/Deployments/S01","IMG_0062.JPG","2017:10:03 06:17:32",2048,1536,"S01","S01","calibration",NA,NA
"C:/Users/rowcliffe.m/OneDrive - Zoological Society of London/GitHub/CTtracking/Survey_yyy/Deployments/S01","IMG_0063.JPG","2017:10:03 06:17:33",2048,1536,"S01","S01","calibration",NA,NA
"C:/Users/rowcliffe.m/OneDrive - Zoological Society of London/GitHub/CTtracking/Survey_yyy/Deployments/S01","IMG_0064.JPG","2017:10:03 06:17:34",2048,1536,"S01","S01","calibration",NA,NA
"C:/Users/rowcliffe.m/OneDrive - Zoological Society of London/GitHub/CTtracking/Survey_yyy/Deployments/S01","IMG_0065.JPG","2017:10:03 06:17:34",2048,1536,"S01","S01","calibration",NA,NA
"C:/Users/rowcliffe.m/OneDrive - Zoological Society of London/GitHub/CTtracking/Survey_yyy/Deployments/S01","IMG_0066.JPG","2017:10:03 06:17:35",2048,1536,"S01","S01","calibration",NA,NA
"C:/Users/rowcliffe.m/OneDrive - Zoological Society of London/GitHub/CTtracking/Survey_yyy/Deployments/S01","IMG_0067.JPG","2017:10:03 06:17:36",2048,1536,"S01","S01","calibration",NA,NA
"C:/Users/rowcliffe.m/OneDrive - Zoological Society of London/GitHub/CTtracking/Survey_yyy/Deployments/S01","IMG_0068.JPG","2017:10:03 06:17:37",2048,1536,"S01","S01","calibration",NA,NA
"C:/Users/rowcliffe.m/OneDrive - Zoological Society of London/GitHub/CTtracking/Survey_yyy/Deployments/S01","IMG_0069.JPG","2017:10:03 06:17:37",2048,1536,"S01","S01","calibration",NA,NA
"C:/Users/rowcliffe.m/OneDrive - Zoological Society of London/GitHub/CTtracking/Survey_yyy/Deployments/S01","IMG_0070.JPG","2017:10:03 06:17:38",2048,1536,"S01","S01","calibration",NA,NA
"C:/Users/rowcliffe.m/OneDrive - Zoological Society of London/GitHub/CTtracking/Survey_yyy/Deployments/S01","IMG_0071.JPG","2017:10:03 06:17:50",2048,1536,"S01","S01","calibration",NA,NA
"C:/Users/rowcliffe.m/OneDrive - Zoological Society of London/GitHub/CTtracking/Survey_yyy/Deployments/S01","IMG_0072.JPG","2017:10:03 06:17:51",2048,1536,"S01","S01","calibration",NA,NA
"C:/Users/rowcliffe.m/OneDrive - Zoological Society of London/GitHub/CTtracking/Survey_yyy/Deployments/S01","IMG_0073.JPG","2017:10:03 06:17:52",2048,1536,"S01","S01","calibration",NA,NA
"C:/Users/rowcliffe.m/OneDrive - Zoological Society of London/GitHub/CTtracking/Survey_yyy/Deployments/S01","IMG_0074.JPG","2017:10:03 06:17:53",2048,1536,"S01","S01","calibration",NA,NA
"C:/Users/rowcliffe.m/OneDrive - Zoological Society of London/GitHub/CTtracking/Survey_yyy/Deployments/S01","IMG_0075.JPG","2017:10:03 06:17:53",2048,1536,"S01","S01","calibration",NA,NA
"C:/Users/rowcliffe.m/OneDrive - Zoological Society of London/GitHub/CTtracking/Survey_yyy/Deployments/S01","IMG_0076.JPG","2017:10:03 06:17:54",2048,1536,"S01","S01","calibration",NA,NA
"C:/Users/rowcliffe.m/OneDrive - Zoological Society of London/GitHub/CTtracking/Survey_yyy/Deployments/S01","IMG_0077.JPG","2017:10:03 06:17:55",2048,1536,"S01","S01","calibration",NA,NA
"C:/Users/rowcliffe.m/OneDrive - Zoological Society of London/GitHub/CTtracking/Survey_yyy/Deployments/S01","IMG_0078.JPG","2017:10:03 06:17:55",2048,1536,"S01","S01","calibration",NA,NA
"C:/Users/rowcliffe.m/OneDrive - Zoological Society of London/GitHub/CTtracking/Survey_yyy/Deployments/S01","IMG_0079.JPG","2017:10:03 06:17:56",2048,1536,"S01","S01","calibration",NA,NA
"C:/Users/rowcliffe.m/OneDrive - Zoological Society of London/GitHub/CTtracking/Survey_yyy/Deployments/S01","IMG_0080.JPG","2017:10:03 06:17:57",2048,1536,"S01","S01","calibration",NA,NA
"C:/Users/rowcliffe.m/OneDrive - Zoological Society of London/GitHub/CTtracking/Survey_yyy/Deployments/S01","IMG_0081.JPG","2017:10:03 06:17:57",2048,1536,"S01","S01","calibration",NA,NA
"C:/Users/rowcliffe.m/OneDrive - Zoological Society of London/GitHub/CTtracking/Survey_yyy/Deployments/S01","IMG_0082.JPG","2017:10:03 06:17:58",2048,1536,"S01","S01","calibration",NA,NA
"C:/Users/rowcliffe.m/OneDrive - Zoological Society of London/GitHub/CTtracking/Survey_yyy/Deployments/S01","IMG_0083.JPG","2017:10:03 06:17:59",2048,1536,"S01","S01","calibration",NA,NA
"C:/Users/rowcliffe.m/OneDrive - Zoological Society of London/GitHub/CTtracking/Survey_yyy/Deployments/S01","IMG_0084.JPG","2017:10:03 06:18:00",2048,1536,"S01","S01","calibration",NA,NA
"C:/Users/rowcliffe.m/OneDrive - Zoological Society of London/GitHub/CTtracking/Survey_yyy/Deployments/S01","IMG_0085.JPG","2017:10:03 06:18:00",2048,1536,"S01","S01","calibration",NA,NA
"C:/Users/rowcliffe.m/OneDrive - Zoological Society of London/GitHub/CTtracking/Survey_yyy/Deployments/S01","IMG_0086.JPG","2017:10:03 06:18:01",2048,1536,"S01","S01","calibration",NA,NA
"C:/Users/rowcliffe.m/OneDrive - Zoological Society of London/GitHub/CTtracking/Survey_yyy/Deployments/S01","IMG_0087.JPG","2017:10:03 06:18:01",2048,1536,"S01","S01","calibration",NA,NA
"C:/Users/rowcliffe.m/OneDrive - Zoological Society of London/GitHub/CTtracking/Survey_yyy/Deployments/S01","IMG_0088.JPG","2017:10:03 06:18:02",2048,1536,"S01","S01","calibration",NA,NA
"C:/Users/rowcliffe.m/OneDrive - Zoological Society of London/GitHub/CTtracking/Survey_yyy/Deployments/S01","IMG_0089.JPG","2017:10:03 06:18:03",2048,1536,"S01","S01","calibration",NA,NA
"C:/Users/rowcliffe.m/OneDrive - Zoological Society of London/GitHub/CTtracking/Survey_yyy/Deployments/S01","IMG_0090.JPG","2017:10:03 06:18:03",2048,1536,"S01","S01","calibration",NA,NA
"C:/Users/rowcliffe.m/OneDrive - Zoological Society of London/GitHub/CTtracking/Survey_yyy/Deployments/S01","IMG_0091.JPG","2017:10:03 06:18:06",2048,1536,"S01","S01","calibration",NA,NA
"C:/Users/rowcliffe.m/OneDrive - Zoological Society of London/GitHub/CTtracking/Survey_yyy/Deployments/S01","IMG_0092.JPG","2017:10:03 06:18:07",2048,1536,"S01","S01","calibration",NA,NA
"C:/Users/rowcliffe.m/OneDrive - Zoological Society of London/GitHub/CTtracking/Survey_yyy/Deployments/S01","IMG_0093.JPG","2017:10:03 06:18:07",2048,1536,"S01","S01","calibration",NA,NA
"C:/Users/rowcliffe.m/OneDrive - Zoological Society of London/GitHub/CTtracking/Survey_yyy/Deployments/S01","IMG_0094.JPG","2017:10:03 06:18:08",2048,1536,"S01","S01","calibration",NA,NA
"C:/Users/rowcliffe.m/OneDrive - Zoological Society of London/GitHub/CTtracking/Survey_yyy/Deployments/S01","IMG_0095.JPG","2017:10:03 06:18:09",2048,1536,"S01","S01","calibration",NA,NA
"C:/Users/rowcliffe.m/OneDrive - Zoological Society of London/GitHub/CTtracking/Survey_yyy/Deployments/S01","IMG_0096.JPG","2017:10:03 06:18:09",2048,1536,"S01","S01","calibration",NA,NA
"C:/Users/rowcliffe.m/OneDrive - Zoological Society of London/GitHub/CTtracking/Survey_yyy/Deployments/S01","IMG_0097.JPG","2017:10:03 06:18:10",2048,1536,"S01","S01","calibration",NA,NA
"C:/Users/rowcliffe.m/OneDrive - Zoological Society of London/GitHub/CTtracking/Survey_yyy/Deployments/S01","IMG_0098.JPG","2017:10:03 06:18:11",2048,1536,"S01","S01","calibration",NA,NA
"C:/Users/rowcliffe.m/OneDrive - Zoological Society of London/GitHub/CTtracking/Survey_yyy/Deployments/S01","IMG_0099.JPG","2017:10:03 06:18:11",2048,1536,"S01","S01","calibration",NA,NA
"C:/Users/rowcliffe.m/OneDrive - Zoological Society of London/GitHub/CTtracking/Survey_yyy/Deployments/S01","IMG_0100.JPG","2017:10:03 06:18:12",2048,1536,"S01","S01","calibration",NA,NA
"C:/Users/rowcliffe.m/OneDrive - Zoological Society of London/GitHub/CTtracking/Survey_yyy/Deployments/S01","IMG_0101.JPG","2017:10:03 06:18:18",2048,1536,"S01","S01","calibration",NA,NA
"C:/Users/rowcliffe.m/OneDrive - Zoological Society of London/GitHub/CTtracking/Survey_yyy/Deployments/S01","IMG_0102.JPG","2017:10:03 06:18:19",2048,1536,"S01","S01","calibration",NA,NA
"C:/Users/rowcliffe.m/OneDrive - Zoological Society of London/GitHub/CTtracking/Survey_yyy/Deployments/S01","IMG_0103.JPG","2017:10:03 06:18:20",2048,1536,"S01","S01","calibration",NA,NA
"C:/Users/rowcliffe.m/OneDrive - Zoological Society of London/GitHub/CTtracking/Survey_yyy/Deployments/S01","IMG_0104.JPG","2017:10:03 06:18:20",2048,1536,"S01","S01","calibration",NA,NA
"C:/Users/rowcliffe.m/OneDrive - Zoological Society of London/GitHub/CTtracking/Survey_yyy/Deployments/S01","IMG_0105.JPG","2017:10:03 06:18:21",2048,1536,"S01","S01","calibration",NA,NA
"C:/Users/rowcliffe.m/OneDrive - Zoological Society of London/GitHub/CTtracking/Survey_yyy/Deployments/S01","IMG_0106.JPG","2017:10:03 06:18:22",2048,1536,"S01","S01","calibration",NA,NA
"C:/Users/rowcliffe.m/OneDrive - Zoological Society of London/GitHub/CTtracking/Survey_yyy/Deployments/S01","IMG_0107.JPG","2017:10:03 06:18:22",2048,1536,"S01","S01","calibration",NA,NA
"C:/Users/rowcliffe.m/OneDrive - Zoological Society of London/GitHub/CTtracking/Survey_yyy/Deployments/S01","IMG_0108.JPG","2017:10:03 06:18:23",2048,1536,"S01","S01","calibration",NA,NA
"C:/Users/rowcliffe.m/OneDrive - Zoological Society of London/GitHub/CTtracking/Survey_yyy/Deployments/S01","IMG_0109.JPG","2017:10:03 06:18:23",2048,1536,"S01","S01","calibration",NA,NA
"C:/Users/rowcliffe.m/OneDrive - Zoological Society of London/GitHub/CTtracking/Survey_yyy/Deployments/S01","IMG_0110.JPG","2017:10:03 06:18:24",2048,1536,"S01","S01","calibration",NA,NA
"C:/Users/rowcliffe.m/OneDrive - Zoological Society of London/GitHub/CTtracking/Survey_yyy/Deployments/S01","IMG_0111.JPG","2017:10:03 06:18:46",2048,1536,"S01","S01","calibration",NA,NA
"C:/Users/rowcliffe.m/OneDrive - Zoological Society of London/GitHub/CTtracking/Survey_yyy/Deployments/S01","IMG_0112.JPG","2017:10:03 06:18:47",2048,1536,"S01","S01","calibration",NA,NA
"C:/Users/rowcliffe.m/OneDrive - Zoological Society of London/GitHub/CTtracking/Survey_yyy/Deployments/S01","IMG_0141.JPG","2017:10:12 20:11:44",2048,1536,"S01","S01","fox",1,1
"C:/Users/rowcliffe.m/OneDrive - Zoological Society of London/GitHub/CTtracking/Survey_yyy/Deployments/S01","IMG_0142.JPG","2017:10:12 20:11:45",2048,1536,"S01","S01","fox",1,NA
"C:/Users/rowcliffe.m/OneDrive - Zoological Society of London/GitHub/CTtracking/Survey_yyy/Deployments/S01","IMG_0143.JPG","2017:10:12 20:11:45",2048,1536,"S01","S01","fox",1,NA
"C:/Users/rowcliffe.m/OneDrive - Zoological Society of London/GitHub/CTtracking/Survey_yyy/Deployments/S01","IMG_0144.JPG","2017:10:12 20:11:46",2048,1536,"S01","S01","fox",1,NA
"C:/Users/rowcliffe.m/OneDrive - Zoological Society of London/GitHub/CTtracking/Survey_yyy/Deployments/S01","IMG_0145.JPG","2017:10:12 20:11:46",2048,1536,"S01","S01","fox",1,NA
"C:/Users/rowcliffe.m/OneDrive - Zoological Society of London/GitHub/CTtracking/Survey_yyy/Deployments/S02","IMG_0141.JPG","2017:10:24 06:10:55",2048,1536,"S02","S02","calibration",NA,NA
"C:/Users/rowcliffe.m/OneDrive - Zoological Society of London/GitHub/CTtracking/Survey_yyy/Deployments/S02","IMG_0142.JPG","2017:10:24 06:10:57",2048,1536,"S02","S02","calibration",NA,NA
"C:/Users/rowcliffe.m/OneDrive - Zoological Society of London/GitHub/CTtracking/Survey_yyy/Deployments/S02","IMG_0143.JPG","2017:10:24 06:10:57",2048,1536,"S02","S02","calibration",NA,NA
"C:/Users/rowcliffe.m/OneDrive - Zoological Society of London/GitHub/CTtracking/Survey_yyy/Deployments/S02","IMG_0144.JPG","2017:10:24 06:10:58",2048,1536,"S02","S02","calibration",NA,NA
"C:/Users/rowcliffe.m/OneDrive - Zoological Society of London/GitHub/CTtracking/Survey_yyy/Deployments/S02","IMG_0145.JPG","2017:10:24 06:10:59",2048,1536,"S02","S02","calibration",NA,NA
"C:/Users/rowcliffe.m/OneDrive - Zoological Society of London/GitHub/CTtracking/Survey_yyy/Deployments/S02","IMG_0146.JPG","2017:10:24 06:10:59",2048,1536,"S02","S02","calibration",NA,NA
"C:/Users/rowcliffe.m/OneDrive - Zoological Society of London/GitHub/CTtracking/Survey_yyy/Deployments/S02","IMG_0147.JPG","2017:10:24 06:11:00",2048,1536,"S02","S02","calibration",NA,NA
"C:/Users/rowcliffe.m/OneDrive - Zoological Society of London/GitHub/CTtracking/Survey_yyy/Deployments/S02","IMG_0148.JPG","2017:10:24 06:11:00",2048,1536,"S02","S02","calibration",NA,NA
"C:/Users/rowcliffe.m/OneDrive - Zoological Society of London/GitHub/CTtracking/Survey_yyy/Deployments/S02","IMG_0149.JPG","2017:10:24 06:11:03",2048,1536,"S02","S02","calibration",NA,NA
"C:/Users/rowcliffe.m/OneDrive - Zoological Society of London/GitHub/CTtracking/Survey_yyy/Deployments/S02","IMG_0150.JPG","2017:10:24 06:11:04",2048,1536,"S02","S02","calibration",NA,NA
"C:/Users/rowcliffe.m/OneDrive - Zoological Society of London/GitHub/CTtracking/Survey_yyy/Deployments/S02","IMG_0151.JPG","2017:10:24 06:11:06",2048,1536,"S02","S02","calibration",NA,NA
"C:/Users/rowcliffe.m/OneDrive - Zoological Society of London/GitHub/CTtracking/Survey_yyy/Deployments/S02","IMG_0152.JPG","2017:10:24 06:11:07",2048,1536,"S02","S02","calibration",NA,NA
"C:/Users/rowcliffe.m/OneDrive - Zoological Society of London/GitHub/CTtracking/Survey_yyy/Deployments/S02","IMG_0153.JPG","2017:10:24 06:11:08",2048,1536,"S02","S02","calibration",NA,NA
"C:/Users/rowcliffe.m/OneDrive - Zoological Society of London/GitHub/CTtracking/Survey_yyy/Deployments/S02","IMG_0154.JPG","2017:10:24 06:11:08",2048,1536,"S02","S02","calibration",NA,NA
"C:/Users/rowcliffe.m/OneDrive - Zoological Society of London/GitHub/CTtracking/Survey_yyy/Deployments/S02","IMG_0155.JPG","2017:10:24 06:11:09",2048,1536,"S02","S02","calibration",NA,NA
"C:/Users/rowcliffe.m/OneDrive - Zoological Society of London/GitHub/CTtracking/Survey_yyy/Deployments/S02","IMG_0156.JPG","2017:10:24 06:11:10",2048,1536,"S02","S02","calibration",NA,NA
"C:/Users/rowcliffe.m/OneDrive - Zoological Society of London/GitHub/CTtracking/Survey_yyy/Deployments/S02","IMG_0157.JPG","2017:10:24 06:11:10",2048,1536,"S02","S02","calibration",NA,NA
"C:/Users/rowcliffe.m/OneDrive - Zoological Society of London/GitHub/CTtracking/Survey_yyy/Deployments/S02","IMG_0158.JPG","2017:10:24 06:11:11",2048,1536,"S02","S02","calibration",NA,NA
"C:/Users/rowcliffe.m/OneDrive - Zoological Society of London/GitHub/CTtracking/Survey_yyy/Deployments/S02","IMG_0159.JPG","2017:10:24 06:11:12",2048,1536,"S02","S02","calibration",NA,NA
"C:/Users/rowcliffe.m/OneDrive - Zoological Society of London/GitHub/CTtracking/Survey_yyy/Deployments/S02","IMG_0160.JPG","2017:10:24 06:11:12",2048,1536,"S02","S02","calibration",NA,NA
"C:/Users/rowcliffe.m/OneDrive - Zoological Society of London/GitHub/CTtracking/Survey_yyy/Deployments/S02","IMG_0161.JPG","2017:10:24 06:11:13",2048,1536,"S02","S02","calibration",NA,NA
"C:/Users/rowcliffe.m/OneDrive - Zoological Society of London/GitHub/CTtracking/Survey_yyy/Deployments/S02","IMG_0162.JPG","2017:10:24 06:11:14",2048,1536,"S02","S02","calibration",NA,NA
"C:/Users/rowcliffe.m/OneDrive - Zoological Society of London/GitHub/CTtracking/Survey_yyy/Deployments/S02","IMG_0163.JPG","2017:10:24 06:11:16",2048,1536,"S02","S02","calibration",NA,NA
"C:/Users/rowcliffe.m/OneDrive - Zoological Society of London/GitHub/CTtracking/Survey_yyy/Deployments/S02","IMG_0164.JPG","2017:10:24 06:11:16",2048,1536,"S02","S02","calibration",NA,NA
"C:/Users/rowcliffe.m/OneDrive - Zoological Society of London/GitHub/CTtracking/Survey_yyy/Deployments/S02","IMG_0165.JPG","2017:10:24 06:11:17",2048,1536,"S02","S02","calibration",NA,NA
"C:/Users/rowcliffe.m/OneDrive - Zoological Society of London/GitHub/CTtracking/Survey_yyy/Deployments/S02","IMG_0166.JPG","2017:10:24 06:11:17",2048,1536,"S02","S02","calibration",NA,NA
"C:/Users/rowcliffe.m/OneDrive - Zoological Society of London/GitHub/CTtracking/Survey_yyy/Deployments/S02","IMG_0167.JPG","2017:10:24 06:11:18",2048,1536,"S02","S02","calibration",NA,NA
"C:/Users/rowcliffe.m/OneDrive - Zoological Society of London/GitHub/CTtracking/Survey_yyy/Deployments/S02","IMG_0168.JPG","2017:10:24 06:11:19",2048,1536,"S02","S02","calibration",NA,NA
"C:/Users/rowcliffe.m/OneDrive - Zoological Society of London/GitHub/CTtracking/Survey_yyy/Deployments/S02","IMG_0169.JPG","2017:10:24 06:11:19",2048,1536,"S02","S02","calibration",NA,NA
"C:/Users/rowcliffe.m/OneDrive - Zoological Society of London/GitHub/CTtracking/Survey_yyy/Deployments/S02","IMG_0170.JPG","2017:10:24 06:11:20",2048,1536,"S02","S02","calibration",NA,NA
"C:/Users/rowcliffe.m/OneDrive - Zoological Society of London/GitHub/CTtracking/Survey_yyy/Deployments/S02","IMG_0171.JPG","2017:10:24 06:11:23",2048,1536,"S02","S02","calibration",NA,NA
"C:/Users/rowcliffe.m/OneDrive - Zoological Society of London/GitHub/CTtracking/Survey_yyy/Deployments/S02","IMG_0172.JPG","2017:10:24 06:11:24",2048,1536,"S02","S02","calibration",NA,NA
"C:/Users/rowcliffe.m/OneDrive - Zoological Society of London/GitHub/CTtracking/Survey_yyy/Deployments/S02","IMG_0173.JPG","2017:10:24 06:11:25",2048,1536,"S02","S02","calibration",NA,NA
"C:/Users/rowcliffe.m/OneDrive - Zoological Society of London/GitHub/CTtracking/Survey_yyy/Deployments/S02","IMG_0174.JPG","2017:10:24 06:11:26",2048,1536,"S02","S02","calibration",NA,NA
"C:/Users/rowcliffe.m/OneDrive - Zoological Society of London/GitHub/CTtracking/Survey_yyy/Deployments/S02","IMG_0175.JPG","2017:10:24 06:11:27",2048,1536,"S02","S02","calibration",NA,NA
"C:/Users/rowcliffe.m/OneDrive - Zoological Society of London/GitHub/CTtracking/Survey_yyy/Deployments/S02","IMG_0176.JPG","2017:10:24 06:11:28",2048,1536,"S02","S02","calibration",NA,NA
"C:/Users/rowcliffe.m/OneDrive - Zoological Society of London/GitHub/CTtracking/Survey_yyy/Deployments/S02","IMG_0177.JPG","2017:10:24 06:11:28",2048,1536,"S02","S02","calibration",NA,NA
"C:/Users/rowcliffe.m/OneDrive - Zoological Society of London/GitHub/CTtracking/Survey_yyy/Deployments/S02","IMG_0178.JPG","2017:10:24 06:11:30",2048,1536,"S02","S02","calibration",NA,NA
"C:/Users/rowcliffe.m/OneDrive - Zoological Society of London/GitHub/CTtracking/Survey_yyy/Deployments/S02","IMG_0179.JPG","2017:10:24 06:11:30",2048,1536,"S02","S02","calibration",NA,NA
"C:/Users/rowcliffe.m/OneDrive - Zoological Society of London/GitHub/CTtracking/Survey_yyy/Deployments/S02","IMG_0180.JPG","2017:10:24 06:11:31",2048,1536,"S02","S02","calibration",NA,NA
"C:/Users/rowcliffe.m/OneDrive - Zoological Society of London/GitHub/CTtracking/Survey_yyy/Deployments/S02","IMG_0181.JPG","2017:10:24 06:11:32",2048,1536,"S02","S02","calibration",NA,NA
"C:/Users/rowcliffe.m/OneDrive - Zoological Society of London/GitHub/CTtracking/Survey_yyy/Deployments/S02","IMG_0182.JPG","2017:10:24 06:11:33",2048,1536,"S02","S02","calibration",NA,NA
"C:/Users/rowcliffe.m/OneDrive - Zoological Society of London/GitHub/CTtracking/Survey_yyy/Deployments/S02","IMG_0183.JPG","2017:10:24 06:11:33",2048,1536,"S02","S02","calibration",NA,NA
"C:/Users/rowcliffe.m/OneDrive - Zoological Society of London/GitHub/CTtracking/Survey_yyy/Deployments/S02","IMG_0184.JPG","2017:10:24 06:11:34",2048,1536,"S02","S02","calibration",NA,NA
"C:/Users/rowcliffe.m/OneDrive - Zoological Society of London/GitHub/CTtracking/Survey_yyy/Deployments/S02","IMG_0185.JPG","2017:10:24 06:11:35",2048,1536,"S02","S02","calibration",NA,NA
"C:/Users/rowcliffe.m/OneDrive - Zoological Society of London/GitHub/CTtracking/Survey_yyy/Deployments/S02","IMG_0186.JPG","2017:10:24 06:11:35",2048,1536,"S02","S02","calibration",NA,NA
"C:/Users/rowcliffe.m/OneDrive - Zoological Society of London/GitHub/CTtracking/Survey_yyy/Deployments/S02","IMG_0187.JPG","2017:10:24 06:11:36",2048,1536,"S02","S02","calibration",NA,NA
"C:/Users/rowcliffe.m/OneDrive - Zoological Society of London/GitHub/CTtracking/Survey_yyy/Deployments/S02","IMG_0188.JPG","2017:10:24 06:11:36",2048,1536,"S02","S02","calibration",NA,NA
"C:/Users/rowcliffe.m/OneDrive - Zoological Society of London/GitHub/CTtracking/Survey_yyy/Deployments/S02","IMG_0189.JPG","2017:10:24 06:11:37",2048,1536,"S02","S02","calibration",NA,NA
"C:/Users/rowcliffe.m/OneDrive - Zoological Society of London/GitHub/CTtracking/Survey_yyy/Deployments/S02","IMG_0190.JPG","2017:10:24 06:11:38",2048,1536,"S02","S02","calibration",NA,NA
"C:/Users/rowcliffe.m/OneDrive - Zoological Society of London/GitHub/CTtracking/Survey_yyy/Deployments/S02","IMG_0191.JPG","2017:10:24 06:11:39",2048,1536,"S02","S02","calibration",NA,NA
"C:/Users/rowcliffe.m/OneDrive - Zoological Society of London/GitHub/CTtracking/Survey_yyy/Deployments/S02","IMG_0192.JPG","2017:10:24 06:11:39",2048,1536,"S02","S02","calibration",NA,NA
"C:/Users/rowcliffe.m/OneDrive - Zoological Society of London/GitHub/CTtracking/Survey_yyy/Deployments/S02","IMG_0193.JPG","2017:10:24 06:11:40",2048,1536,"S02","S02","calibration",NA,NA
"C:/Users/rowcliffe.m/OneDrive - Zoological Society of London/GitHub/CTtracking/Survey_yyy/Deployments/S02","IMG_0194.JPG","2017:10:24 06:11:41",2048,1536,"S02","S02","calibration",NA,NA
"C:/Users/rowcliffe.m/OneDrive - Zoological Society of London/GitHub/CTtracking/Survey_yyy/Deployments/S02","IMG_0195.JPG","2017:10:24 06:11:41",2048,1536,"S02","S02","calibration",NA,NA
"C:/Users/rowcliffe.m/OneDrive - Zoological Society of London/GitHub/CTtracking/Survey_yyy/Deployments/S02","IMG_0196.JPG","2017:10:24 06:11:42",2048,1536,"S02","S02","calibration",NA,NA
"C:/Users/rowcliffe.m/OneDrive - Zoological Society of London/GitHub/CTtracking/Survey_yyy/Deployments/S02","IMG_0197.JPG","2017:10:24 06:11:43",2048,1536,"S02","S02","calibration",NA,NA
"C:/Users/rowcliffe.m/OneDrive - Zoological Society of London/GitHub/CTtracking/Survey_yyy/Deployments/S02","IMG_0198.JPG","2017:10:24 06:11:43",2048,1536,"S02","S02","calibration",NA,NA
"C:/Users/rowcliffe.m/OneDrive - Zoological Society of London/GitHub/CTtracking/Survey_yyy/Deployments/S02","IMG_0199.JPG","2017:10:24 06:11:44",2048,1536,"S02","S02","calibration",NA,NA
"C:/Users/rowcliffe.m/OneDrive - Zoological Society of London/GitHub/CTtracking/Survey_yyy/Deployments/S02","IMG_0200.JPG","2017:10:24 06:11:44",2048,1536,"S02","S02","calibration",NA,NA
"C:/Users/rowcliffe.m/OneDrive - Zoological Society of London/GitHub/CTtracking/Survey_yyy/Deployments/S02","IMG_0201.JPG","2017:10:24 06:11:47",2048,1536,"S02","S02","calibration",NA,NA
"C:/Users/rowcliffe.m/OneDrive - Zoological Society of London/GitHub/CTtracking/Survey_yyy/Deployments/S02","IMG_0202.JPG","2017:10:24 06:11:47",2048,1536,"S02","S02","calibration",NA,NA
"C:/Users/rowcliffe.m/OneDrive - Zoological Society of London/GitHub/CTtracking/Survey_yyy/Deployments/S02","IMG_0203.JPG","2017:10:24 06:11:50",2048,1536,"S02","S02","calibration",NA,NA
"C:/Users/rowcliffe.m/OneDrive - Zoological Society of London/GitHub/CTtracking/Survey_yyy/Deployments/S02","IMG_0204.JPG","2017:10:24 06:11:50",2048,1536,"S02","S02","calibration",NA,NA
"C:/Users/rowcliffe.m/OneDrive - Zoological Society of London/GitHub/CTtracking/Survey_yyy/Deployments/S02","IMG_0205.JPG","2017:10:24 06:11:51",2048,1536,"S02","S02","calibration",NA,NA
"C:/Users/rowcliffe.m/OneDrive - Zoological Society of London/GitHub/CTtracking/Survey_yyy/Deployments/S02","IMG_0206.JPG","2017:10:24 06:11:52",2048,1536,"S02","S02","calibration",NA,NA
"C:/Users/rowcliffe.m/OneDrive - Zoological Society of London/GitHub/CTtracking/Survey_yyy/Deployments/S02","IMG_0207.JPG","2017:10:24 06:11:52",2048,1536,"S02","S02","calibration",NA,NA
"C:/Users/rowcliffe.m/OneDrive - Zoological Society of London/GitHub/CTtracking/Survey_yyy/Deployments/S02","IMG_0208.JPG","2017:10:24 06:11:53",2048,1536,"S02","S02","calibration",NA,NA
"C:/Users/rowcliffe.m/OneDrive - Zoological Society of London/GitHub/CTtracking/Survey_yyy/Deployments/S02","IMG_0209.JPG","2017:10:24 06:11:53",2048,1536,"S02","S02","calibration",NA,NA
"C:/Users/rowcliffe.m/OneDrive - Zoological Society of London/GitHub/CTtracking/Survey_yyy/Deployments/S02","IMG_0210.JPG","2017:10:24 06:11:54",2048,1536,"S02","S02","calibration",NA,NA
"C:/Users/rowcliffe.m/OneDrive - Zoological Society of London/GitHub/CTtracking/Survey_yyy/Deployments/S02","IMG_0211.JPG","2017:10:24 06:11:58",2048,1536,"S02","S02","calibration",NA,NA
"C:/Users/rowcliffe.m/OneDrive - Zoological Society of London/GitHub/CTtracking/Survey_yyy/Deployments/S02","IMG_0212.JPG","2017:10:24 06:11:58",2048,1536,"S02","S02","calibration",NA,NA
"C:/Users/rowcliffe.m/OneDrive - Zoological Society of London/GitHub/CTtracking/Survey_yyy/Deployments/S02","IMG_0213.JPG","2017:10:24 06:11:59",2048,1536,"S02","S02","calibration",NA,NA
"C:/Users/rowcliffe.m/OneDrive - Zoological Society of London/GitHub/CTtracking/Survey_yyy/Deployments/S02","IMG_0214.JPG","2017:10:24 06:12:00",2048,1536,"S02","S02","calibration",NA,NA
"C:/Users/rowcliffe.m/OneDrive - Zoological Society of London/GitHub/CTtracking/Survey_yyy/Deployments/S02","IMG_0215.JPG","2017:10:24 06:12:00",2048,1536,"S02","S02","calibration",NA,NA
"C:/Users/rowcliffe.m/OneDrive - Zoological Society of London/GitHub/CTtracking/Survey_yyy/Deployments/S02","IMG_0216.JPG","2017:10:24 06:12:01",2048,1536,"S02","S02","calibration",NA,NA
"C:/Users/rowcliffe.m/OneDrive - Zoological Society of London/GitHub/CTtracking/Survey_yyy/Deployments/S02","IMG_0217.JPG","2017:10:24 06:12:02",2048,1536,"S02","S02","calibration",NA,NA
"C:/Users/rowcliffe.m/OneDrive - Zoological Society of London/GitHub/CTtracking/Survey_yyy/Deployments/S02","IMG_0218.JPG","2017:10:24 06:12:02",2048,1536,"S02","S02","calibration",NA,NA
"C:/Users/rowcliffe.m/OneDrive - Zoological Society of London/GitHub/CTtracking/Survey_yyy/Deployments/S02","IMG_0219.JPG","2017:10:24 06:12:03",2048,1536,"S02","S02","calibration",NA,NA
"C:/Users/rowcliffe.m/OneDrive - Zoological Society of London/GitHub/CTtracking/Survey_yyy/Deployments/S02","IMG_0220.JPG","2017:10:24 06:12:03",2048,1536,"S02","S02","calibration",NA,NA
"C:/Users/rowcliffe.m/OneDrive - Zoological Society of London/GitHub/CTtracking/Survey_yyy/Deployments/S02","IMG_0391.JPG","2017:10:26 20:11:30",2048,1536,"S02","S02","fox",1,1
"C:/Users/rowcliffe.m/OneDrive - Zoological Society of London/GitHub/CTtracking/Survey_yyy/Deployments/S02","IMG_0392.JPG","2017:10:26 20:11:31",2048,1536,"S02","S02","fox",1,NA
"C:/Users/rowcliffe.m/OneDrive - Zoological Society of London/GitHub/CTtracking/Survey_yyy/Deployments/S02","IMG_0393.JPG","2017:10:26 20:11:32",2048,1536,"S02","S02","fox",1,NA
"C:/Users/rowcliffe.m/OneDrive - Zoological Society of London/GitHub/CTtracking/Survey_yyy/Deployments/S02","IMG_0441.JPG","2017:10:28 19:17:38",2048,1536,"S02","S02","fox",1,1
"C:/Users/rowcliffe.m/OneDrive - Zoological Society of London/GitHub/CTtracking/Survey_yyy/Deployments/S02","IMG_0442.JPG","2017:10:28 19:17:38",2048,1536,"S02","S02","fox",1,NA
"C:/Users/rowcliffe.m/OneDrive - Zoological Society of London/GitHub/CTtracking/Survey_yyy/Deployments/S03/S03a","IMG_0061.JPG","2017:10:12 11:37:35",2048,1536,"S03","S03a","calibration",NA,NA
"C:/Users/rowcliffe.m/OneDrive - Zoological Society of London/GitHub/CTtracking/Survey_yyy/Deployments/S03/S03a","IMG_0062.JPG","2017:10:12 11:37:36",2048,1536,"S03","S03a","calibration",NA,NA
"C:/Users/rowcliffe.m/OneDrive - Zoological Society of London/GitHub/CTtracking/Survey_yyy/Deployments/S03/S03a","IMG_0063.JPG","2017:10:12 11:37:37",2048,1536,"S03","S03a","calibration",NA,NA
"C:/Users/rowcliffe.m/OneDrive - Zoological Society of London/GitHub/CTtracking/Survey_yyy/Deployments/S03/S03a","IMG_0064.JPG","2017:10:12 11:37:38",2048,1536,"S03","S03a","calibration",NA,NA
"C:/Users/rowcliffe.m/OneDrive - Zoological Society of London/GitHub/CTtracking/Survey_yyy/Deployments/S03/S03a","IMG_0065.JPG","2017:10:12 11:37:39",2048,1536,"S03","S03a","calibration",NA,NA
"C:/Users/rowcliffe.m/OneDrive - Zoological Society of London/GitHub/CTtracking/Survey_yyy/Deployments/S03/S03a","IMG_0066.JPG","2017:10:12 11:37:40",2048,1536,"S03","S03a","calibration",NA,NA
"C:/Users/rowcliffe.m/OneDrive - Zoological Society of London/GitHub/CTtracking/Survey_yyy/Deployments/S03/S03a","IMG_0067.JPG","2017:10:12 11:37:41",2048,1536,"S03","S03a","calibration",NA,NA
"C:/Users/rowcliffe.m/OneDrive - Zoological Society of London/GitHub/CTtracking/Survey_yyy/Deployments/S03/S03a","IMG_0068.JPG","2017:10:12 11:37:41",2048,1536,"S03","S03a","calibration",NA,NA
"C:/Users/rowcliffe.m/OneDrive - Zoological Society of London/GitHub/CTtracking/Survey_yyy/Deployments/S03/S03a","IMG_0069.JPG","2017:10:12 11:37:42",2048,1536,"S03","S03a","calibration",NA,NA
"C:/Users/rowcliffe.m/OneDrive - Zoological Society of London/GitHub/CTtracking/Survey_yyy/Deployments/S03/S03a","IMG_0070.JPG","2017:10:12 11:37:43",2048,1536,"S03","S03a","calibration",NA,NA
"C:/Users/rowcliffe.m/OneDrive - Zoological Society of London/GitHub/CTtracking/Survey_yyy/Deployments/S03/S03a","IMG_0071.JPG","2017:10:12 11:37:46",2048,1536,"S03","S03a","calibration",NA,NA
"C:/Users/rowcliffe.m/OneDrive - Zoological Society of London/GitHub/CTtracking/Survey_yyy/Deployments/S03/S03a","IMG_0072.JPG","2017:10:12 11:37:47",2048,1536,"S03","S03a","calibration",NA,NA
"C:/Users/rowcliffe.m/OneDrive - Zoological Society of London/GitHub/CTtracking/Survey_yyy/Deployments/S03/S03a","IMG_0073.JPG","2017:10:12 11:37:48",2048,1536,"S03","S03a","calibration",NA,NA
"C:/Users/rowcliffe.m/OneDrive - Zoological Society of London/GitHub/CTtracking/Survey_yyy/Deployments/S03/S03a","IMG_0074.JPG","2017:10:12 11:37:49",2048,1536,"S03","S03a","calibration",NA,NA
"C:/Users/rowcliffe.m/OneDrive - Zoological Society of London/GitHub/CTtracking/Survey_yyy/Deployments/S03/S03a","IMG_0075.JPG","2017:10:12 11:37:50",2048,1536,"S03","S03a","calibration",NA,NA
"C:/Users/rowcliffe.m/OneDrive - Zoological Society of London/GitHub/CTtracking/Survey_yyy/Deployments/S03/S03a","IMG_0076.JPG","2017:10:12 11:37:51",2048,1536,"S03","S03a","calibration",NA,NA
"C:/Users/rowcliffe.m/OneDrive - Zoological Society of London/GitHub/CTtracking/Survey_yyy/Deployments/S03/S03a","IMG_0077.JPG","2017:10:12 11:37:52",2048,1536,"S03","S03a","calibration",NA,NA
"C:/Users/rowcliffe.m/OneDrive - Zoological Society of London/GitHub/CTtracking/Survey_yyy/Deployments/S03/S03a","IMG_0078.JPG","2017:10:12 11:37:53",2048,1536,"S03","S03a","calibration",NA,NA
"C:/Users/rowcliffe.m/OneDrive - Zoological Society of London/GitHub/CTtracking/Survey_yyy/Deployments/S03/S03a","IMG_0079.JPG","2017:10:12 11:37:54",2048,1536,"S03","S03a","calibration",NA,NA
"C:/Users/rowcliffe.m/OneDrive - Zoological Society of London/GitHub/CTtracking/Survey_yyy/Deployments/S03/S03a","IMG_0080.JPG","2017:10:12 11:37:55",2048,1536,"S03","S03a","calibration",NA,NA
"C:/Users/rowcliffe.m/OneDrive - Zoological Society of London/GitHub/CTtracking/Survey_yyy/Deployments/S03/S03a","IMG_0081.JPG","2017:10:12 11:37:56",2048,1536,"S03","S03a","calibration",NA,NA
"C:/Users/rowcliffe.m/OneDrive - Zoological Society of London/GitHub/CTtracking/Survey_yyy/Deployments/S03/S03a","IMG_0082.JPG","2017:10:12 11:37:57",2048,1536,"S03","S03a","calibration",NA,NA
"C:/Users/rowcliffe.m/OneDrive - Zoological Society of London/GitHub/CTtracking/Survey_yyy/Deployments/S03/S03a","IMG_0083.JPG","2017:10:12 11:37:58",2048,1536,"S03","S03a","calibration",NA,NA
"C:/Users/rowcliffe.m/OneDrive - Zoological Society of London/GitHub/CTtracking/Survey_yyy/Deployments/S03/S03a","IMG_0084.JPG","2017:10:12 11:37:59",2048,1536,"S03","S03a","calibration",NA,NA
"C:/Users/rowcliffe.m/OneDrive - Zoological Society of London/GitHub/CTtracking/Survey_yyy/Deployments/S03/S03a","IMG_0085.JPG","2017:10:12 11:38:00",2048,1536,"S03","S03a","calibration",NA,NA
"C:/Users/rowcliffe.m/OneDrive - Zoological Society of London/GitHub/CTtracking/Survey_yyy/Deployments/S03/S03a","IMG_0086.JPG","2017:10:12 11:38:01",2048,1536,"S03","S03a","calibration",NA,NA
"C:/Users/rowcliffe.m/OneDrive - Zoological Society of London/GitHub/CTtracking/Survey_yyy/Deployments/S03/S03a","IMG_0087.JPG","2017:10:12 11:38:02",2048,1536,"S03","S03a","calibration",NA,NA
"C:/Users/rowcliffe.m/OneDrive - Zoological Society of London/GitHub/CTtracking/Survey_yyy/Deployments/S03/S03a","IMG_0088.JPG","2017:10:12 11:38:02",2048,1536,"S03","S03a","calibration",NA,NA
"C:/Users/rowcliffe.m/OneDrive - Zoological Society of London/GitHub/CTtracking/Survey_yyy/Deployments/S03/S03a","IMG_0089.JPG","2017:10:12 11:38:03",2048,1536,"S03","S03a","calibration",NA,NA
"C:/Users/rowcliffe.m/OneDrive - Zoological Society of London/GitHub/CTtracking/Survey_yyy/Deployments/S03/S03a","IMG_0090.JPG","2017:10:12 11:38:04",2048,1536,"S03","S03a","calibration",NA,NA
"C:/Users/rowcliffe.m/OneDrive - Zoological Society of London/GitHub/CTtracking/Survey_yyy/Deployments/S03/S03a","IMG_0091.JPG","2017:10:12 11:38:06",2048,1536,"S03","S03a","calibration",NA,NA
"C:/Users/rowcliffe.m/OneDrive - Zoological Society of London/GitHub/CTtracking/Survey_yyy/Deployments/S03/S03a","IMG_0092.JPG","2017:10:12 11:38:07",2048,1536,"S03","S03a","calibration",NA,NA
"C:/Users/rowcliffe.m/OneDrive - Zoological Society of London/GitHub/CTtracking/Survey_yyy/Deployments/S03/S03a","IMG_0093.JPG","2017:10:12 11:38:08",2048,1536,"S03","S03a","calibration",NA,NA
"C:/Users/rowcliffe.m/OneDrive - Zoological Society of London/GitHub/CTtracking/Survey_yyy/Deployments/S03/S03a","IMG_0094.JPG","2017:10:12 11:38:08",2048,1536,"S03","S03a","calibration",NA,NA
"C:/Users/rowcliffe.m/OneDrive - Zoological Society of London/GitHub/CTtracking/Survey_yyy/Deployments/S03/S03a","IMG_0095.JPG","2017:10:12 11:38:09",2048,1536,"S03","S03a","calibration",NA,NA
"C:/Users/rowcliffe.m/OneDrive - Zoological Society of London/GitHub/CTtracking/Survey_yyy/Deployments/S03/S03a","IMG_0096.JPG","2017:10:12 11:38:10",2048,1536,"S03","S03a","calibration",NA,NA
"C:/Users/rowcliffe.m/OneDrive - Zoological Society of London/GitHub/CTtracking/Survey_yyy/Deployments/S03/S03a","IMG_0097.JPG","2017:10:12 11:38:11",2048,1536,"S03","S03a","calibration",NA,NA
"C:/Users/rowcliffe.m/OneDrive - Zoological Society of London/GitHub/CTtracking/Survey_yyy/Deployments/S03/S03a","IMG_0098.JPG","2017:10:12 11:38:12",2048,1536,"S03","S03a","calibration",NA,NA
"C:/Users/rowcliffe.m/OneDrive - Zoological Society of London/GitHub/CTtracking/Survey_yyy/Deployments/S03/S03a","IMG_0099.JPG","2017:10:12 11:38:13",2048,1536,"S03","S03a","calibration",NA,NA
"C:/Users/rowcliffe.m/OneDrive - Zoological Society of London/GitHub/CTtracking/Survey_yyy/Deployments/S03/S03a","IMG_0100.JPG","2017:10:12 11:38:14",2048,1536,"S03","S03a","calibration",NA,NA
"C:/Users/rowcliffe.m/OneDrive - Zoological Society of London/GitHub/CTtracking/Survey_yyy/Deployments/S03/S03a","IMG_0101.JPG","2017:10:12 11:38:21",2048,1536,"S03","S03a","calibration",NA,NA
"C:/Users/rowcliffe.m/OneDrive - Zoological Society of London/GitHub/CTtracking/Survey_yyy/Deployments/S03/S03a","IMG_0102.JPG","2017:10:12 11:38:22",2048,1536,"S03","S03a","calibration",NA,NA
"C:/Users/rowcliffe.m/OneDrive - Zoological Society of London/GitHub/CTtracking/Survey_yyy/Deployments/S03/S03a","IMG_0103.JPG","2017:10:12 11:38:23",2048,1536,"S03","S03a","calibration",NA,NA
"C:/Users/rowcliffe.m/OneDrive - Zoological Society of London/GitHub/CTtracking/Survey_yyy/Deployments/S03/S03a","IMG_0104.JPG","2017:10:12 11:38:24",2048,1536,"S03","S03a","calibration",NA,NA
"C:/Users/rowcliffe.m/OneDrive - Zoological Society of London/GitHub/CTtracking/Survey_yyy/Deployments/S03/S03a","IMG_0105.JPG","2017:10:12 11:38:25",2048,1536,"S03","S03a","calibration",NA,NA
"C:/Users/rowcliffe.m/OneDrive - Zoological Society of London/GitHub/CTtracking/Survey_yyy/Deployments/S03/S03a","IMG_0106.JPG","2017:10:12 11:38:25",2048,1536,"S03","S03a","calibration",NA,NA
"C:/Users/rowcliffe.m/OneDrive - Zoological Society of London/GitHub/CTtracking/Survey_yyy/Deployments/S03/S03a","IMG_0107.JPG","2017:10:12 11:38:26",2048,1536,"S03","S03a","calibration",NA,NA
"C:/Users/rowcliffe.m/OneDrive - Zoological Society of London/GitHub/CTtracking/Survey_yyy/Deployments/S03/S03a","IMG_0108.JPG","2017:10:12 11:38:27",2048,1536,"S03","S03a","calibration",NA,NA
"C:/Users/rowcliffe.m/OneDrive - Zoological Society of London/GitHub/CTtracking/Survey_yyy/Deployments/S03/S03a","IMG_0109.JPG","2017:10:12 11:38:28",2048,1536,"S03","S03a","calibration",NA,NA
"C:/Users/rowcliffe.m/OneDrive - Zoological Society of London/GitHub/CTtracking/Survey_yyy/Deployments/S03/S03a","IMG_0110.JPG","2017:10:12 11:38:29",2048,1536,"S03","S03a","calibration",NA,NA
"C:/Users/rowcliffe.m/OneDrive - Zoological Society of London/GitHub/CTtracking/Survey_yyy/Deployments/S03/S03a","IMG_0111.JPG","2017:10:12 11:38:31",2048,1536,"S03","S03a","calibration",NA,NA
"C:/Users/rowcliffe.m/OneDrive - Zoological Society of London/GitHub/CTtracking/Survey_yyy/Deployments/S03/S03a","IMG_0112.JPG","2017:10:12 11:38:32",2048,1536,"S03","S03a","calibration",NA,NA
"C:/Users/rowcliffe.m/OneDrive - Zoological Society of London/GitHub/CTtracking/Survey_yyy/Deployments/S03/S03a","IMG_0113.JPG","2017:10:12 11:38:33",2048,1536,"S03","S03a","calibration",NA,NA
"C:/Users/rowcliffe.m/OneDrive - Zoological Society of London/GitHub/CTtracking/Survey_yyy/Deployments/S03/S03a","IMG_0114.JPG","2017:10:12 11:38:34",2048,1536,"S03","S03a","calibration",NA,NA
"C:/Users/rowcliffe.m/OneDrive - Zoological Society of London/GitHub/CTtracking/Survey_yyy/Deployments/S03/S03a","IMG_0115.JPG","2017:10:12 11:38:35",2048,1536,"S03","S03a","calibration",NA,NA
"C:/Users/rowcliffe.m/OneDrive - Zoological Society of London/GitHub/CTtracking/Survey_yyy/Deployments/S03/S03a","IMG_0116.JPG","2017:10:12 11:38:35",2048,1536,"S03","S03a","calibration",NA,NA
"C:/Users/rowcliffe.m/OneDrive - Zoological Society of London/GitHub/CTtracking/Survey_yyy/Deployments/S03/S03a","IMG_0117.JPG","2017:10:12 11:38:36",2048,1536,"S03","S03a","calibration",NA,NA
"C:/Users/rowcliffe.m/OneDrive - Zoological Society of London/GitHub/CTtracking/Survey_yyy/Deployments/S03/S03a","IMG_0118.JPG","2017:10:12 11:38:37",2048,1536,"S03","S03a","calibration",NA,NA
"C:/Users/rowcliffe.m/OneDrive - Zoological Society of London/GitHub/CTtracking/Survey_yyy/Deployments/S03/S03a","IMG_0119.JPG","2017:10:12 11:38:38",2048,1536,"S03","S03a","calibration",NA,NA
"C:/Users/rowcliffe.m/OneDrive - Zoological Society of London/GitHub/CTtracking/Survey_yyy/Deployments/S03/S03a","IMG_0120.JPG","2017:10:12 11:38:39",2048,1536,"S03","S03a","calibration",NA,NA
"C:/Users/rowcliffe.m/OneDrive - Zoological Society of London/GitHub/CTtracking/Survey_yyy/Deployments/S03/S03a","IMG_0121.JPG","2017:10:12 11:38:54",2048,1536,"S03","S03a","calibration",NA,NA
"C:/Users/rowcliffe.m/OneDrive - Zoological Society of London/GitHub/CTtracking/Survey_yyy/Deployments/S03/S03a","IMG_0122.JPG","2017:10:12 11:38:55",2048,1536,"S03","S03a","calibration",NA,NA
"C:/Users/rowcliffe.m/OneDrive - Zoological Society of London/GitHub/CTtracking/Survey_yyy/Deployments/S03/S03a","IMG_0123.JPG","2017:10:12 11:38:56",2048,1536,"S03","S03a","calibration",NA,NA
"C:/Users/rowcliffe.m/OneDrive - Zoological Society of London/GitHub/CTtracking/Survey_yyy/Deployments/S03/S03a","IMG_0124.JPG","2017:10:12 11:38:56",2048,1536,"S03","S03a","calibration",NA,NA
"C:/Users/rowcliffe.m/OneDrive - Zoological Society of London/GitHub/CTtracking/Survey_yyy/Deployments/S03/S03a","IMG_0125.JPG","2017:10:12 11:38:57",2048,1536,"S03","S03a","calibration",NA,NA
"C:/Users/rowcliffe.m/OneDrive - Zoological Society of London/GitHub/CTtracking/Survey_yyy/Deployments/S03/S03a","IMG_0126.JPG","2017:10:12 11:38:58",2048,1536,"S03","S03a","calibration",NA,NA
"C:/Users/rowcliffe.m/OneDrive - Zoological Society of London/GitHub/CTtracking/Survey_yyy/Deployments/S03/S03a","IMG_0127.JPG","2017:10:12 11:38:59",2048,1536,"S03","S03a","calibration",NA,NA
"C:/Users/rowcliffe.m/OneDrive - Zoological Society of London/GitHub/CTtracking/Survey_yyy/Deployments/S03/S03a","IMG_0128.JPG","2017:10:12 11:39:00",2048,1536,"S03","S03a","calibration",NA,NA
"C:/Users/rowcliffe.m/OneDrive - Zoological Society of London/GitHub/CTtracking/Survey_yyy/Deployments/S03/S03a","IMG_0129.JPG","2017:10:12 11:39:00",2048,1536,"S03","S03a","calibration",NA,NA
"C:/Users/rowcliffe.m/OneDrive - Zoological Society of London/GitHub/CTtracking/Survey_yyy/Deployments/S03/S03a","IMG_0130.JPG","2017:10:12 11:39:01",2048,1536,"S03","S03a","calibration",NA,NA
"C:/Users/rowcliffe.m/OneDrive - Zoological Society of London/GitHub/CTtracking/Survey_yyy/Deployments/S03/S03a","IMG_0131.JPG","2017:10:12 11:39:06",2048,1536,"S03","S03a","calibration",NA,NA
"C:/Users/rowcliffe.m/OneDrive - Zoological Society of London/GitHub/CTtracking/Survey_yyy/Deployments/S03/S03a","IMG_0132.JPG","2017:10:12 11:39:07",2048,1536,"S03","S03a","calibration",NA,NA
"C:/Users/rowcliffe.m/OneDrive - Zoological Society of London/GitHub/CTtracking/Survey_yyy/Deployments/S03/S03a","IMG_0133.JPG","2017:10:12 11:39:08",2048,1536,"S03","S03a","calibration",NA,NA
"C:/Users/rowcliffe.m/OneDrive - Zoological Society of London/GitHub/CTtracking/Survey_yyy/Deployments/S03/S03a","IMG_0134.JPG","2017:10:12 11:39:09",2048,1536,"S03","S03a","calibration",NA,NA
"C:/Users/rowcliffe.m/OneDrive - Zoological Society of London/GitHub/CTtracking/Survey_yyy/Deployments/S03/S03a","IMG_0135.JPG","2017:10:12 11:39:10",2048,1536,"S03","S03a","calibration",NA,NA
"C:/Users/rowcliffe.m/OneDrive - Zoological Society of London/GitHub/CTtracking/Survey_yyy/Deployments/S03/S03a","IMG_0136.JPG","2017:10:12 11:39:11",2048,1536,"S03","S03a","calibration",NA,NA
"C:/Users/rowcliffe.m/OneDrive - Zoological Society of London/GitHub/CTtracking/Survey_yyy/Deployments/S03/S03a","IMG_0137.JPG","2017:10:12 11:39:12",2048,1536,"S03","S03a","calibration",NA,NA
"C:/Users/rowcliffe.m/OneDrive - Zoological Society of London/GitHub/CTtracking/Survey_yyy/Deployments/S03/S03a","IMG_0138.JPG","2017:10:12 11:39:12",2048,1536,"S03","S03a","calibration",NA,NA
"C:/Users/rowcliffe.m/OneDrive - Zoological Society of London/GitHub/CTtracking/Survey_yyy/Deployments/S03/S03a","IMG_0139.JPG","2017:10:12 11:39:13",2048,1536,"S03","S03a","calibration",NA,NA
"C:/Users/rowcliffe.m/OneDrive - Zoological Society of London/GitHub/CTtracking/Survey_yyy/Deployments/S03/S03a","IMG_0140.JPG","2017:10:12 11:39:14",2048,1536,"S03","S03a","calibration",NA,NA
"C:/Users/rowcliffe.m/OneDrive - Zoological Society of London/GitHub/CTtracking/Survey_yyy/Deployments/S03/S03a","IMG_0451.JPG","2017:10:12 21:56:49",2048,1536,"S03","S03a","fox",1,1
"C:/Users/rowcliffe.m/OneDrive - Zoological Society of London/GitHub/CTtracking/Survey_yyy/Deployments/S03/S03a","IMG_0461.JPG","2017:10:13 02:08:43",2048,1536,"S03","S03a","fox",1,1
"C:/Users/rowcliffe.m/OneDrive - Zoological Society of London/GitHub/CTtracking/Survey_yyy/Deployments/S03/S03a","IMG_0462.JPG","2017:10:13 02:08:43",2048,1536,"S03","S03a","fox",1,NA
"C:/Users/rowcliffe.m/OneDrive - Zoological Society of London/GitHub/CTtracking/Survey_yyy/Deployments/S03/S03a","IMG_0463.JPG","2017:10:13 02:08:44",2048,1536,"S03","S03a","fox",1,NA
"C:/Users/rowcliffe.m/OneDrive - Zoological Society of London/GitHub/CTtracking/Survey_yyy/Deployments/S03/S03a","IMG_3231.JPG","2017:10:15 04:08:10",2048,1536,"S03","S03a","fox",1,1
"C:/Users/rowcliffe.m/OneDrive - Zoological Society of London/GitHub/CTtracking/Survey_yyy/Deployments/S03/S03a","IMG_4311.JPG","2017:10:16 20:48:29",2048,1536,"S03","S03a","fox",1,1
"C:/Users/rowcliffe.m/OneDrive - Zoological Society of London/GitHub/CTtracking/Survey_yyy/Deployments/S03/S03a","IMG_4821.JPG","2017:10:17 20:18:00",2048,1536,"S03","S03a","fox",1,1
"C:/Users/rowcliffe.m/OneDrive - Zoological Society of London/GitHub/CTtracking/Survey_yyy/Deployments/S03/S03a","IMG_4822.JPG","2017:10:17 20:18:01",2048,1536,"S03","S03a","fox",1,NA
"C:/Users/rowcliffe.m/OneDrive - Zoological Society of London/GitHub/CTtracking/Survey_yyy/Deployments/S03/S03a","IMG_4823.JPG","2017:10:17 20:18:02",2048,1536,"S03","S03a","fox",1,NA
"C:/Users/rowcliffe.m/OneDrive - Zoological Society of London/GitHub/CTtracking/Survey_yyy/Deployments/S03/S03a","IMG_4824.JPG","2017:10:17 20:18:02",2048,1536,"S03","S03a","fox",1,NA
"C:/Users/rowcliffe.m/OneDrive - Zoological Society of London/GitHub/CTtracking/Survey_yyy/Deployments/S03/S03a","IMG_4831.JPG","2017:10:17 20:50:01",2048,1536,"S03","S03a","hedgehog",1,1
"C:/Users/rowcliffe.m/OneDrive - Zoological Society of London/GitHub/CTtracking/Survey_yyy/Deployments/S03/S03a","IMG_4832.JPG","2017:10:17 20:50:01",2048,1536,"S03","S03a","hedgehog",1,NA
"C:/Users/rowcliffe.m/OneDrive - Zoological Society of London/GitHub/CTtracking/Survey_yyy/Deployments/S03/S03a","IMG_4833.JPG","2017:10:17 20:50:02",2048,1536,"S03","S03a","hedgehog",1,NA
"C:/Users/rowcliffe.m/OneDrive - Zoological Society of London/GitHub/CTtracking/Survey_yyy/Deployments/S03/S03a","IMG_4834.JPG","2017:10:17 20:50:03",2048,1536,"S03","S03a","hedgehog",1,NA
"C:/Users/rowcliffe.m/OneDrive - Zoological Society of London/GitHub/CTtracking/Survey_yyy/Deployments/S03/S03a","IMG_4835.JPG","2017:10:17 20:50:03",2048,1536,"S03","S03a","hedgehog",1,NA
"C:/Users/rowcliffe.m/OneDrive - Zoological Society of London/GitHub/CTtracking/Survey_yyy/Deployments/S03/S03a","IMG_7034.JPG","2017:10:22 04:14:28",2048,1536,"S03","S03a","fox",1,1
"C:/Users/rowcliffe.m/OneDrive - Zoological Society of London/GitHub/CTtracking/Survey_yyy/Deployments/S03/S03a","IMG_7054.JPG","2017:10:22 04:16:26",2048,1536,"S03","S03a","fox",1,1
"C:/Users/rowcliffe.m/OneDrive - Zoological Society of London/GitHub/CTtracking/Survey_yyy/Deployments/S03/S03a","IMG_7744.JPG","2017:10:22 23:29:05",2048,1536,"S03","S03a","fox",1,1
"C:/Users/rowcliffe.m/OneDrive - Zoological Society of London/GitHub/CTtracking/Survey_yyy/Deployments/S03/S03a","IMG_7745.JPG","2017:10:22 23:29:06",2048,1536,"S03","S03a","fox",1,NA
"C:/Users/rowcliffe.m/OneDrive - Zoological Society of London/GitHub/CTtracking/Survey_yyy/Deployments/S03/S03a","IMG_7754.JPG","2017:10:23 05:38:02",2048,1536,"S03","S03a","fox",1,1
"C:/Users/rowcliffe.m/OneDrive - Zoological Society of London/GitHub/CTtracking/Survey_yyy/Deployments/S03/S03a","IMG_8334.JPG","2017:10:25 01:50:57",2048,1536,"S03","S03a","fox",1,1
"C:/Users/rowcliffe.m/OneDrive - Zoological Society of London/GitHub/CTtracking/Survey_yyy/Deployments/S03/S03b","IMG_0141.JPG","2017:10:12 12:09:35",2048,1536,"S03","S03b","calibration",NA,NA
"C:/Users/rowcliffe.m/OneDrive - Zoological Society of London/GitHub/CTtracking/Survey_yyy/Deployments/S03/S03b","IMG_0142.JPG","2017:10:12 12:09:37",2048,1536,"S03","S03b","calibration",NA,NA
"C:/Users/rowcliffe.m/OneDrive - Zoological Society of London/GitHub/CTtracking/Survey_yyy/Deployments/S03/S03b","IMG_0143.JPG","2017:10:12 12:09:38",2048,1536,"S03","S03b","calibration",NA,NA
"C:/Users/rowcliffe.m/OneDrive - Zoological Society of London/GitHub/CTtracking/Survey_yyy/Deployments/S03/S03b","IMG_0144.JPG","2017:10:12 12:09:39",2048,1536,"S03","S03b","calibration",NA,NA
"C:/Users/rowcliffe.m/OneDrive - Zoological Society of London/GitHub/CTtracking/Survey_yyy/Deployments/S03/S03b","IMG_0145.JPG","2017:10:12 12:09:40",2048,1536,"S03","S03b","calibration",NA,NA
"C:/Users/rowcliffe.m/OneDrive - Zoological Society of London/GitHub/CTtracking/Survey_yyy/Deployments/S03/S03b","IMG_0147.JPG","2017:10:12 12:09:42",2048,1536,"S03","S03b","calibration",NA,NA
"C:/Users/rowcliffe.m/OneDrive - Zoological Society of London/GitHub/CTtracking/Survey_yyy/Deployments/S03/S03b","IMG_0148.JPG","2017:10:12 12:09:43",2048,1536,"S03","S03b","calibration",NA,NA
"C:/Users/rowcliffe.m/OneDrive - Zoological Society of London/GitHub/CTtracking/Survey_yyy/Deployments/S03/S03b","IMG_0154.JPG","2017:10:12 12:09:54",2048,1536,"S03","S03b","calibration",NA,NA
"C:/Users/rowcliffe.m/OneDrive - Zoological Society of London/GitHub/CTtracking/Survey_yyy/Deployments/S03/S03b","IMG_0155.JPG","2017:10:12 12:09:55",2048,1536,"S03","S03b","calibration",NA,NA
"C:/Users/rowcliffe.m/OneDrive - Zoological Society of London/GitHub/CTtracking/Survey_yyy/Deployments/S03/S03b","IMG_0156.JPG","2017:10:12 12:09:57",2048,1536,"S03","S03b","calibration",NA,NA
"C:/Users/rowcliffe.m/OneDrive - Zoological Society of London/GitHub/CTtracking/Survey_yyy/Deployments/S03/S03b","IMG_0157.JPG","2017:10:12 12:09:58",2048,1536,"S03","S03b","calibration",NA,NA
"C:/Users/rowcliffe.m/OneDrive - Zoological Society of London/GitHub/CTtracking/Survey_yyy/Deployments/S03/S03b","IMG_0158.JPG","2017:10:12 12:09:59",2048,1536,"S03","S03b","calibration",NA,NA
"C:/Users/rowcliffe.m/OneDrive - Zoological Society of London/GitHub/CTtracking/Survey_yyy/Deployments/S03/S03b","IMG_0159.JPG","2017:10:12 12:10:00",2048,1536,"S03","S03b","calibration",NA,NA
"C:/Users/rowcliffe.m/OneDrive - Zoological Society of London/GitHub/CTtracking/Survey_yyy/Deployments/S03/S03b","IMG_0160.JPG","2017:10:12 12:10:01",2048,1536,"S03","S03b","calibration",NA,NA
"C:/Users/rowcliffe.m/OneDrive - Zoological Society of London/GitHub/CTtracking/Survey_yyy/Deployments/S03/S03b","IMG_0161.JPG","2017:10:12 12:10:02",2048,1536,"S03","S03b","calibration",NA,NA
"C:/Users/rowcliffe.m/OneDrive - Zoological Society of London/GitHub/CTtracking/Survey_yyy/Deployments/S03/S03b","IMG_0162.JPG","2017:10:12 12:10:03",2048,1536,"S03","S03b","calibration",NA,NA
"C:/Users/rowcliffe.m/OneDrive - Zoological Society of London/GitHub/CTtracking/Survey_yyy/Deployments/S03/S03b","IMG_0163.JPG","2017:10:12 12:10:04",2048,1536,"S03","S03b","calibration",NA,NA
"C:/Users/rowcliffe.m/OneDrive - Zoological Society of London/GitHub/CTtracking/Survey_yyy/Deployments/S03/S03b","IMG_0164.JPG","2017:10:12 12:10:05",2048,1536,"S03","S03b","calibration",NA,NA
"C:/Users/rowcliffe.m/OneDrive - Zoological Society of London/GitHub/CTtracking/Survey_yyy/Deployments/S03/S03b","IMG_0165.JPG","2017:10:12 12:10:06",2048,1536,"S03","S03b","calibration",NA,NA
"C:/Users/rowcliffe.m/OneDrive - Zoological Society of London/GitHub/CTtracking/Survey_yyy/Deployments/S03/S03b","IMG_0166.JPG","2017:10:12 12:10:07",2048,1536,"S03","S03b","calibration",NA,NA
"C:/Users/rowcliffe.m/OneDrive - Zoological Society of London/GitHub/CTtracking/Survey_yyy/Deployments/S03/S03b","IMG_0167.JPG","2017:10:12 12:10:09",2048,1536,"S03","S03b","calibration",NA,NA
"C:/Users/rowcliffe.m/OneDrive - Zoological Society of London/GitHub/CTtracking/Survey_yyy/Deployments/S03/S03b","IMG_0168.JPG","2017:10:12 12:10:10",2048,1536,"S03","S03b","calibration",NA,NA
"C:/Users/rowcliffe.m/OneDrive - Zoological Society of London/GitHub/CTtracking/Survey_yyy/Deployments/S03/S03b","IMG_0169.JPG","2017:10:12 12:10:11",2048,1536,"S03","S03b","calibration",NA,NA
"C:/Users/rowcliffe.m/OneDrive - Zoological Society of London/GitHub/CTtracking/Survey_yyy/Deployments/S03/S03b","IMG_0170.JPG","2017:10:12 12:10:12",2048,1536,"S03","S03b","calibration",NA,NA
"C:/Users/rowcliffe.m/OneDrive - Zoological Society of London/GitHub/CTtracking/Survey_yyy/Deployments/S03/S03b","IMG_0171.JPG","2017:10:12 12:10:14",2048,1536,"S03","S03b","calibration",NA,NA
"C:/Users/rowcliffe.m/OneDrive - Zoological Society of London/GitHub/CTtracking/Survey_yyy/Deployments/S03/S03b","IMG_0172.JPG","2017:10:12 12:10:15",2048,1536,"S03","S03b","calibration",NA,NA
"C:/Users/rowcliffe.m/OneDrive - Zoological Society of London/GitHub/CTtracking/Survey_yyy/Deployments/S03/S03b","IMG_0173.JPG","2017:10:12 12:10:16",2048,1536,"S03","S03b","calibration",NA,NA
"C:/Users/rowcliffe.m/OneDrive - Zoological Society of London/GitHub/CTtracking/Survey_yyy/Deployments/S03/S03b","IMG_0174.JPG","2017:10:12 12:10:17",2048,1536,"S03","S03b","calibration",NA,NA
"C:/Users/rowcliffe.m/OneDrive - Zoological Society of London/GitHub/CTtracking/Survey_yyy/Deployments/S03/S03b","IMG_0175.JPG","2017:10:12 12:10:18",2048,1536,"S03","S03b","calibration",NA,NA
"C:/Users/rowcliffe.m/OneDrive - Zoological Society of London/GitHub/CTtracking/Survey_yyy/Deployments/S03/S03b","IMG_0176.JPG","2017:10:12 12:10:19",2048,1536,"S03","S03b","calibration",NA,NA
"C:/Users/rowcliffe.m/OneDrive - Zoological Society of London/GitHub/CTtracking/Survey_yyy/Deployments/S03/S03b","IMG_0177.JPG","2017:10:12 12:10:20",2048,1536,"S03","S03b","calibration",NA,NA
"C:/Users/rowcliffe.m/OneDrive - Zoological Society of London/GitHub/CTtracking/Survey_yyy/Deployments/S03/S03b","IMG_0178.JPG","2017:10:12 12:10:22",2048,1536,"S03","S03b","calibration",NA,NA
"C:/Users/rowcliffe.m/OneDrive - Zoological Society of London/GitHub/CTtracking/Survey_yyy/Deployments/S03/S03b","IMG_0179.JPG","2017:10:12 12:10:23",2048,1536,"S03","S03b","calibration",NA,NA
"C:/Users/rowcliffe.m/OneDrive - Zoological Society of London/GitHub/CTtracking/Survey_yyy/Deployments/S03/S03b","IMG_0180.JPG","2017:10:12 12:10:24",2048,1536,"S03","S03b","calibration",NA,NA
"C:/Users/rowcliffe.m/OneDrive - Zoological Society of London/GitHub/CTtracking/Survey_yyy/Deployments/S03/S03b","IMG_0181.JPG","2017:10:12 12:10:26",2048,1536,"S03","S03b","calibration",NA,NA
"C:/Users/rowcliffe.m/OneDrive - Zoological Society of London/GitHub/CTtracking/Survey_yyy/Deployments/S03/S03b","IMG_0182.JPG","2017:10:12 12:10:27",2048,1536,"S03","S03b","calibration",NA,NA
"C:/Users/rowcliffe.m/OneDrive - Zoological Society of London/GitHub/CTtracking/Survey_yyy/Deployments/S03/S03b","IMG_0183.JPG","2017:10:12 12:10:28",2048,1536,"S03","S03b","calibration",NA,NA
"C:/Users/rowcliffe.m/OneDrive - Zoological Society of London/GitHub/CTtracking/Survey_yyy/Deployments/S03/S03b","IMG_0184.JPG","2017:10:12 12:10:29",2048,1536,"S03","S03b","calibration",NA,NA
"C:/Users/rowcliffe.m/OneDrive - Zoological Society of London/GitHub/CTtracking/Survey_yyy/Deployments/S03/S03b","IMG_0185.JPG","2017:10:12 12:10:31",2048,1536,"S03","S03b","calibration",NA,NA
"C:/Users/rowcliffe.m/OneDrive - Zoological Society of London/GitHub/CTtracking/Survey_yyy/Deployments/S03/S03b","IMG_0186.JPG","2017:10:12 12:10:32",2048,1536,"S03","S03b","calibration",NA,NA
"C:/Users/rowcliffe.m/OneDrive - Zoological Society of London/GitHub/CTtracking/Survey_yyy/Deployments/S03/S03b","IMG_0187.JPG","2017:10:12 12:10:33",2048,1536,"S03","S03b","calibration",NA,NA
"C:/Users/rowcliffe.m/OneDrive - Zoological Society of London/GitHub/CTtracking/Survey_yyy/Deployments/S03/S03b","IMG_0188.JPG","2017:10:12 12:10:34",2048,1536,"S03","S03b","calibration",NA,NA
"C:/Users/rowcliffe.m/OneDrive - Zoological Society of London/GitHub/CTtracking/Survey_yyy/Deployments/S03/S03b","IMG_0189.JPG","2017:10:12 12:10:35",2048,1536,"S03","S03b","calibration",NA,NA
"C:/Users/rowcliffe.m/OneDrive - Zoological Society of London/GitHub/CTtracking/Survey_yyy/Deployments/S03/S03b","IMG_0190.JPG","2017:10:12 12:10:36",2048,1536,"S03","S03b","calibration",NA,NA
"C:/Users/rowcliffe.m/OneDrive - Zoological Society of London/GitHub/CTtracking/Survey_yyy/Deployments/S03/S03b","IMG_0191.JPG","2017:10:12 12:10:48",2048,1536,"S03","S03b","calibration",NA,NA
"C:/Users/rowcliffe.m/OneDrive - Zoological Society of London/GitHub/CTtracking/Survey_yyy/Deployments/S03/S03b","IMG_0192.JPG","2017:10:12 12:10:50",2048,1536,"S03","S03b","calibration",NA,NA
"C:/Users/rowcliffe.m/OneDrive - Zoological Society of London/GitHub/CTtracking/Survey_yyy/Deployments/S03/S03b","IMG_0193.JPG","2017:10:12 12:10:51",2048,1536,"S03","S03b","calibration",NA,NA
"C:/Users/rowcliffe.m/OneDrive - Zoological Society of London/GitHub/CTtracking/Survey_yyy/Deployments/S03/S03b","IMG_0194.JPG","2017:10:12 12:10:52",2048,1536,"S03","S03b","calibration",NA,NA
"C:/Users/rowcliffe.m/OneDrive - Zoological Society of London/GitHub/CTtracking/Survey_yyy/Deployments/S03/S03b","IMG_0195.JPG","2017:10:12 12:10:53",2048,1536,"S03","S03b","calibration",NA,NA
"C:/Users/rowcliffe.m/OneDrive - Zoological Society of London/GitHub/CTtracking/Survey_yyy/Deployments/S03/S03b","IMG_0196.JPG","2017:10:12 12:10:55",2048,1536,"S03","S03b","calibration",NA,NA
"C:/Users/rowcliffe.m/OneDrive - Zoological Society of London/GitHub/CTtracking/Survey_yyy/Deployments/S03/S03b","IMG_0208.JPG","2017:10:12 12:12:08",2048,1536,"S03","S03b","calibration",NA,NA
"C:/Users/rowcliffe.m/OneDrive - Zoological Society of London/GitHub/CTtracking/Survey_yyy/Deployments/S03/S03b","IMG_0209.JPG","2017:10:12 12:12:09",2048,1536,"S03","S03b","calibration",NA,NA
"C:/Users/rowcliffe.m/OneDrive - Zoological Society of London/GitHub/CTtracking/Survey_yyy/Deployments/S03/S03b","IMG_0210.JPG","2017:10:12 12:12:10",2048,1536,"S03","S03b","calibration",NA,NA
"C:/Users/rowcliffe.m/OneDrive - Zoological Society of London/GitHub/CTtracking/Survey_yyy/Deployments/S03/S03b","IMG_0251.JPG","2017:10:19 06:23:11",2048,1536,"S03","S03b","hedgehog",1,1
"C:/Users/rowcliffe.m/OneDrive - Zoological Society of London/GitHub/CTtracking/Survey_yyy/Deployments/S03/S03b","IMG_0252.JPG","2017:10:19 06:23:12",2048,1536,"S03","S03b","hedgehog",1,NA
